-- Products Table
CREATE TABLE products (
    product_id INT PRIMARY KEY,
    product_name VARCHAR(100),
    category VARCHAR(50),
    price DECIMAL(10,2),
    quantity_in_stock INT,
    supplier_id INT
);

-- Suppliers Table
CREATE TABLE suppliers (
    supplier_id INT PRIMARY KEY,
    supplier_name VARCHAR(100),
    contact_name VARCHAR(100),
    contact_phone varchar(15),
    address varchar(100),
    city VARCHAR(50),
    country varchar(50)
);

-- Sales Table
CREATE TABLE sales (
    sale_id INT PRIMARY KEY,
    product_id INT,
    sale_date DATE,
    quantity_sold INT,
    total_amount DECIMAL(10,2)
);


INSERT INTO products (product_id, product_name, category, price, quantity_in_stock, supplier_id) VALUES
(1, 'Aashirvaad Atta', 'Grocery', 250.00, 100, 1),
(2, 'Dairy Milk Chocolate', 'Snacks', 40.00, 200, 2),
(3, 'Parle-G Biscuits', 'Snacks', 10.00, 500, 3),
(4, 'Tata Tea Gold', 'Beverages', 180.00, 150, 4),
(5, 'Maggi Noodles', 'Instant Food', 15.00, 300, 5),
(6, 'Colgate Toothpaste', 'Personal Care', 90.00, 120, 6),
(7, 'Lifebuoy Soap', 'Personal Care', 35.00, 250, 7),
(8, 'Surf Excel Detergent', 'Cleaning', 120.00, 80, 8),
(9, 'Fortune Oil', 'Grocery', 160.00, 90, 9),
(10, 'Pepsi Can 250ml', 'Beverages', 30.00, 180, 10),
(11, 'Britannia Cake', 'Snacks', 25.00, 160, 11),
(12, 'Boost Health Drink', 'Beverages', 250.00, 90, 12),
(13, 'Good Day Cookies', 'Snacks', 20.00, 130, 13),
(14, 'Harpic Toilet Cleaner', 'Cleaning', 95.00, 60, 14),
(15, 'Vim Dishwash', 'Cleaning', 50.00, 100, 15),
(16, 'Real Fruit Juice', 'Beverages', 110.00, 85, 16),
(17, 'Amul Butter 100g', 'Dairy', 55.00, 200, 17),
(18, 'Nescafe Coffee', 'Beverages', 290.00, 70, 18),
(19, 'Tide Detergent Powder', 'Cleaning', 105.00, 90, 19),
(20, 'Santoor Soap', 'Personal Care', 28.00, 220, 20),
(21, 'Nestle Milk', 'Dairy', 60.00, 150, 21),
(22, 'Lux Soap', 'Personal Care', 32.00, 140, 22),
(23, 'Kissan Jam', 'Grocery', 65.00, 90, 23),
(24, 'Horlicks', 'Beverages', 270.00, 60, 24),
(25, 'Red Label Tea', 'Beverages', 190.00, 70, 25),
(26, 'Sunfeast Pasta', 'Instant Food', 25.00, 80, 26),
(27, 'Tropicana Juice', 'Beverages', 105.00, 95, 27),
(28, 'Patanjali Ghee', 'Grocery', 320.00, 85, 28),
(29, 'Haldiram Namkeen', 'Snacks', 50.00, 120, 29),
(30, 'Johnson Baby Oil', 'Personal Care', 120.00, 100, 30),
(31, 'Dove Shampoo', 'Personal Care', 220.00, 60, 31),
(32, 'Dettol Soap', 'Personal Care', 40.00, 190, 32),
(33, 'Listerine Mouthwash', 'Personal Care', 180.00, 40, 33),
(34, 'Fevicol', 'Stationery', 25.00, 130, 34),
(35, 'Coca-Cola 500ml', 'Beverages', 40.00, 140, 35),
(36, 'Sprite 600ml', 'Beverages', 45.00, 135, 36),
(37, 'Bisleri 1L', 'Beverages', 20.00, 300, 37),
(38, 'Kinder Joy', 'Snacks', 35.00, 75, 38),
(39, 'Lay\'s Chips', 'Snacks', 20.00, 210, 39),
(40, 'Bournvita', 'Beverages', 280.00, 85, 40),
(41, 'Mop Refill', 'Cleaning', 70.00, 40, 41),
(42, 'Phenyl White', 'Cleaning', 65.00, 60, 42),
(43, 'Toilet Brush', 'Cleaning', 80.00, 70, 43),
(44, 'Domex Cleaner', 'Cleaning', 100.00, 50, 44),
(45, 'Savlon Liquid', 'Personal Care', 150.00, 110, 45),
(46, 'Gillette Razor', 'Personal Care', 120.00, 90, 46),
(47, 'Park Avenue Deodorant', 'Personal Care', 250.00, 80, 47),
(48, 'Axe Body Spray', 'Personal Care', 230.00, 85, 48),
(49, 'Ambipur Air Freshener', 'Home Essentials', 150.00, 60, 49),
(50, 'Godrej Air Freshener', 'Home Essentials', 140.00, 55, 50),
(51, 'Mosquito Coil', 'Home Essentials', 30.00, 150, 51),
(52, 'Hit Spray', 'Home Essentials', 95.00, 90, 52),
(53, 'Good Knight Refill', 'Home Essentials', 75.00, 100, 53),
(54, 'Ezee Liquid Detergent', 'Cleaning', 110.00, 70, 54),
(55, 'Comfort Fabric Conditioner', 'Cleaning', 180.00, 85, 55),
(56, 'Fair & Lovely Cream', 'Personal Care', 80.00, 95, 56),
(57, 'Pears Soap', 'Personal Care', 38.00, 120, 57),
(58, 'Close-Up Toothpaste', 'Personal Care', 90.00, 110, 58),
(59, 'Clinic Plus Shampoo', 'Personal Care', 85.00, 140, 59),
(60, 'Dettol Handwash', 'Personal Care', 95.00, 100, 60),
(61, 'Sensodyne Toothpaste', 'Personal Care', 120.00, 70, 61),
(62, 'Oral-B Brush', 'Personal Care', 55.00, 100, 62),
(63, 'Sunsilk Shampoo', 'Personal Care', 130.00, 80, 63),
(64, 'Head & Shoulders', 'Personal Care', 145.00, 65, 64),
(65, 'Patanjali Aloe Vera Gel', 'Personal Care', 90.00, 75, 65),
(66, 'Zandu Balm', 'Healthcare', 45.00, 50, 66),
(67, 'Vicks Vaporub', 'Healthcare', 60.00, 80, 67),
(68, 'Moov Spray', 'Healthcare', 120.00, 70, 68),
(69, 'Amrutanjan Balm', 'Healthcare', 55.00, 65, 69),
(70, 'Crocin Tablets', 'Healthcare', 30.00, 200, 70),
(71, 'Disprin', 'Healthcare', 35.00, 220, 71),
(72, 'Band-Aid', 'Healthcare', 25.00, 150, 72),
(73, 'Savlon Bandage', 'Healthcare', 20.00, 130, 73),
(74, 'ORS Powder', 'Healthcare', 15.00, 160, 74),
(75, 'Glucon-D', 'Healthcare', 70.00, 120, 75),
(76, 'Electral Powder', 'Healthcare', 18.00, 140, 76),
(77, 'Eveready Batteries', 'Electronics', 30.00, 100, 77),
(78, 'Duracell Batteries', 'Electronics', 60.00, 90, 78),
(79, 'LED Bulb 9W', 'Electronics', 120.00, 70, 79),
(80, 'Extension Board', 'Electronics', 280.00, 60, 80),
(81, 'USB Cable', 'Electronics', 150.00, 80, 81),
(82, 'Mobile Charger', 'Electronics', 300.00, 50, 82),
(83, 'Pen Drive 32GB', 'Electronics', 400.00, 40, 83),
(84, 'Bluetooth Speaker', 'Electronics', 1200.00, 30, 84),
(85, 'Power Bank', 'Electronics', 850.00, 25, 85),
(86, 'Phone Cover', 'Electronics', 200.00, 60, 86),
(87, 'Screen Guard', 'Electronics', 100.00, 100, 87),
(88, 'Notebook A4', 'Stationery', 45.00, 130, 88),
(89, 'Ball Pen', 'Stationery', 10.00, 500, 89),
(90, 'Pencil Pack', 'Stationery', 20.00, 300, 90),
(91, 'Eraser', 'Stationery', 5.00, 400, 91),
(92, 'Sharpener', 'Stationery', 8.00, 350, 92),
(93, 'Ruler 30cm', 'Stationery', 15.00, 250, 93),
(94, 'Sketch Pen Set', 'Stationery', 80.00, 150, 94),
(95, 'Fevistik Glue', 'Stationery', 20.00, 180, 95),
(96, 'Correction Pen', 'Stationery', 25.00, 170, 96),
(97, 'Binder Clip', 'Stationery', 15.00, 160, 97),
(98, 'Stapler', 'Stationery', 50.00, 140, 98),
(99, 'Stapler Pins', 'Stationery', 10.00, 300, 99),
(100, 'Document Folder', 'Stationery', 60.00, 100, 100);


INSERT INTO sales (sale_id, product_id, sale_date, quantity_sold, total_amount) VALUES
(1, 1, '2025-06-01', 2, 500.00),
(2, 2, '2025-06-01', 5, 200.00),
(3, 5, '2025-06-02', 3, 45.00),
(4, 7, '2025-06-02', 4, 140.00),
(5, 10, '2025-06-03', 6, 180.00),
(6, 3, '2025-06-03', 10, 100.00),
(7, 6, '2025-06-04', 1, 90.00),
(8, 8, '2025-06-04', 2, 240.00),
(9, 4, '2025-06-05', 1, 180.00),
(10, 9, '2025-06-05', 2, 320.00),
(11, 11, '2025-06-06', 2, 50.00),
(12, 12, '2025-06-06', 1, 250.00),
(13, 13, '2025-06-07', 5, 100.00),
(14, 14, '2025-06-07', 1, 95.00),
(15, 15, '2025-06-07', 3, 150.00),
(16, 16, '2025-06-08', 2, 220.00),
(17, 17, '2025-06-08', 4, 220.00),
(18, 18, '2025-06-09', 1, 290.00),
(19, 19, '2025-06-09', 2, 210.00),
(20, 20, '2025-06-10', 3, 84.00),
(21, 21, '2025-06-10', 2, 120.00),
(22, 22, '2025-06-10', 3, 96.00),
(23, 23, '2025-06-11', 1, 65.00),
(24, 24, '2025-06-11', 1, 270.00),
(25, 25, '2025-06-11', 2, 380.00),
(26, 26, '2025-06-11', 4, 100.00),
(27, 27, '2025-06-12', 2, 210.00),
(28, 28, '2025-06-12', 1, 320.00),
(29, 29, '2025-06-12', 3, 150.00),
(30, 30, '2025-06-12', 2, 240.00),
(31, 31, '2025-06-13', 1, 220.00),
(32, 32, '2025-06-13', 2, 80.00),
(33, 33, '2025-06-13', 1, 180.00),
(34, 34, '2025-06-13', 5, 125.00),
(35, 35, '2025-06-14', 3, 120.00),
(36, 36, '2025-06-14', 2, 90.00),
(37, 37, '2025-06-14', 10, 200.00),
(38, 38, '2025-06-14', 3, 105.00),
(39, 39, '2025-06-14', 4, 80.00),
(40, 40, '2025-06-15', 2, 560.00),
(41, 41, '2025-06-15', 1, 70.00),
(42, 42, '2025-06-15', 2, 130.00),
(43, 43, '2025-06-15', 1, 80.00),
(44, 44, '2025-06-15', 1, 100.00),
(45, 45, '2025-06-16', 2, 300.00),
(46, 46, '2025-06-16', 1, 120.00),
(47, 47, '2025-06-16', 2, 500.00),
(48, 48, '2025-06-16', 2, 460.00),
(49, 49, '2025-06-16', 1, 150.00),
(50, 50, '2025-06-16', 1, 140.00),
(51, 51, '2025-06-17', 5, 150.00),
(52, 52, '2025-06-17', 2, 190.00),
(53, 53, '2025-06-17', 2, 150.00),
(54, 54, '2025-06-17', 1, 110.00),
(55, 55, '2025-06-17', 1, 180.00),
(56, 56, '2025-06-18', 2, 160.00),
(57, 57, '2025-06-18', 3, 114.00),
(58, 58, '2025-06-18', 1, 90.00),
(59, 59, '2025-06-18', 2, 170.00),
(60, 60, '2025-06-18', 1, 95.00),
(61, 61, '2025-06-19', 1, 120.00),
(62, 62, '2025-06-19', 2, 110.00),
(63, 63, '2025-06-19', 1, 130.00),
(64, 64, '2025-06-19', 1, 145.00),
(65, 65, '2025-06-20', 2, 180.00),
(66, 66, '2025-06-20', 1, 45.00),
(67, 67, '2025-06-20', 1, 60.00),
(68, 68, '2025-06-20', 1, 120.00),
(69, 69, '2025-06-20', 1, 55.00),
(70, 70, '2025-06-21', 5, 150.00),
(71, 71, '2025-06-21', 3, 105.00),
(72, 72, '2025-06-21', 4, 100.00),
(73, 73, '2025-06-21', 5, 100.00),
(74, 74, '2025-06-21', 6, 90.00),
(75, 75, '2025-06-22', 2, 140.00),
(76, 76, '2025-06-22', 4, 72.00),
(77, 77, '2025-06-22', 2, 60.00),
(78, 78, '2025-06-22', 1, 60.00),
(79, 79, '2025-06-22', 1, 120.00),
(80, 80, '2025-06-22', 1, 280.00),
(81, 81, '2025-06-23', 2, 300.00),
(82, 82, '2025-06-23', 1, 300.00),
(83, 83, '2025-06-23', 1, 400.00),
(84, 84, '2025-06-23', 1, 1200.00),
(85, 85, '2025-06-23', 1, 850.00),
(86, 86, '2025-06-23', 2, 400.00),
(87, 87, '2025-06-24', 3, 300.00),
(88, 88, '2025-06-24', 2, 90.00),
(89, 89, '2025-06-24', 10, 100.00),
(90, 90, '2025-06-24', 5, 100.00),
(91, 91, '2025-06-24', 5, 25.00),
(92, 92, '2025-06-24', 5, 40.00),
(93, 93, '2025-06-25', 3, 45.00),
(94, 94, '2025-06-25', 2, 160.00),
(95, 95, '2025-06-25', 4, 80.00),
(96, 96, '2025-06-25', 2, 50.00),
(97, 97, '2025-06-25', 5, 75.00),
(98, 98, '2025-06-25', 1, 50.00),
(99, 99, '2025-06-25', 10, 100.00),
(100, 100, '2025-06-25', 2, 120.00);


INSERT INTO suppliers (supplier_id, supplier_name, contact_name, contact_phone, address, city, country) VALUES
(1, 'Alpha Traders', 'Ravi Kumar', '9876543210', '12 MG Road', 'Bangalore', 'India'),
(2, 'Beta Wholesalers', 'Sita Reddy', '9876543211', '22 Park Street', 'Hyderabad', 'India'),
(3, 'Gamma Supplies', 'Arjun Mehta', '9876543212', '33 Nungambakkam', 'Chennai', 'India'),
(4, 'Delta Distributors', 'Kiran Rao', '9876543213', '45 FC Road', 'Pune', 'India'),
(5, 'Epsilon Inc.', 'Meena Iyer', '9876543214', '78 Lake View', 'Kolkata', 'India'),
(6, 'Zeta Enterprises', 'Sunil Singh', '9876543215', '90 Nehru Road', 'Delhi', 'India'),
(7, 'Eta Wholesale', 'Priya Das', '9876543216', '15 MG Layout', 'Mumbai', 'India'),
(8, 'Theta Traders', 'Amit Shah', '9876543217', '28 Hill Road', 'Ahmedabad', 'India'),
(9, 'Iota Ventures', 'Divya Sharma', '9876543218', '101 Garden Street', 'Jaipur', 'India'),
(10, 'Kappa Suppliers', 'Naveen Raj', '9876543219', '56 Airport Road', 'Lucknow', 'India'),
(11, 'Lambda Logistics', 'Rohan Jain', '9876543220', '23 Market Road', 'Bhopal', 'India'),
(12, 'Mu Goods Co.', 'Sneha Pillai', '9876543221', '9 Mission Street', 'Panaji', 'India'),
(13, 'Nu Supplies', 'Aditya Rao', '9876543222', '102 College Street', 'Patna', 'India'),
(14, 'Xi Partners', 'Pooja Nair', '9876543223', '66 West Main Road', 'Thiruvananthapuram', 'India'),
(15, 'Omicron Inc.', 'Varun Joshi', '9876543224', '12 GTB Nagar', 'Nagpur', 'India'),
(16, 'Pi Distribution', 'Neha Verma', '9876543225', '88 Sunrise Ave', 'Chandigarh', 'India'),
(17, 'Rho Wholesale', 'Kapil Dev', '9876543226', '31 New Ring Road', 'Indore', 'India'),
(18, 'Sigma Mart', 'Harsha Yadav', '9876543227', '19 Green Lane', 'Raipur', 'India'),
(19, 'Tau Co.', 'Vikram Patel', '9876543228', '17 GT Road', 'Kanpur', 'India'),
(20, 'Upsilon Traders', 'Geeta Desai', '9876543229', '53 MG Extension', 'Surat', 'India'),
(21, 'Phi Wholesale', 'Anita Menon', '9876543230', '14 Civil Lines', 'Guwahati', 'India'),
(22, 'Chi Ventures', 'Yash Malhotra', '9876543231', '98 Garden City', 'Coimbatore', 'India'),
(23, 'Psi Partners', 'Karthik Shetty', '9876543232', '77 Rajaji Road', 'Mysore', 'India'),
(24, 'Omega Supplies', 'Lakshmi Rao', '9876543233', '45 Silk Board', 'Vijayawada', 'India'),
(25, 'BrightMart', 'Rahul Krishnan', '9876543234', '32 North Avenue', 'Madurai', 'India'),
(26, 'FreshStock', 'Snehal K', '9876543235', '8 Seaside Street', 'Kozhikode', 'India'),
(27, 'PrimeSource', 'Ajay Dey', '9876543236', '55 Golden Tower', 'Agartala', 'India'),
(28, 'SupplyBridge', 'Manju Varma', '9876543237', '2 Power Lane', 'Imphal', 'India'),
(29, 'GoodLinks', 'Ramesh K', '9876543238', '21 Connaught Rd', 'Shimla', 'India'),
(30, 'RetailRoot', 'Richa Pandey', '9876543239', '5 Sunrise Blvd', 'Dehradun', 'India'),
(31, 'TopGear Traders', 'Naresh S.', '9876543240', '12 Ringway Circle', 'Udaipur', 'India'),
(32, 'MetroStock', 'Vani Iyer', '9876543241', '17 DLF Phase 3', 'Gurgaon', 'India'),
(33, 'Neo Retailers', 'Dev Shekhar', '9876543242', '101 Anna Salai', 'Chennai', 'India'),
(34, 'TrustMart', 'Rekha D.', '9876543243', '98 Residency Road', 'Bangalore', 'India'),
(35, 'Anchor Traders', 'Bhavana S.', '9876543244', '28 Victoria Street', 'Kolkata', 'India'),
(36, 'Infinity Goods', 'Manoj T.', '9876543245', '33 Science Park', 'Hyderabad', 'India'),
(37, 'Elite Sources', 'Mala J.', '9876543246', '5 Hitech City Road', 'Visakhapatnam', 'India'),
(38, 'ProConnect', 'Gopal Iyer', '9876543247', '41 Grand Plaza', 'Ranchi', 'India'),
(39, 'Swift Supply', 'Asha B.', '9876543248', '75 MG Towers', 'Thane', 'India'),
(40, 'NextEdge Suppliers', 'Kiran Shetty', '9876543249', '62 Eastern Rd', 'Bhubaneswar', 'India'),
(41, 'Delta Deals', 'Vijaya L.', '9876543250', '100 Link Street', 'Jodhpur', 'India'),
(42, 'Value Ventures', 'Roshan Yadav', '9876543251', '88 Azad Lane', 'Gwalior', 'India'),
(43, 'BrightBridge', 'Padmini M.', '9876543252', '15 Blue Hills', 'Nashik', 'India'),
(44, 'UrbanTrade', 'Prakash N.', '9876543253', '65 Unity Plaza', 'Hubli', 'India'),
(45, 'OmniMart', 'Kavita Sharma', '9876543254', '109 MG Square', 'Trichy', 'India'),
(46, 'FastTrack Supplies', 'Devina R.', '9876543255', '50 Outer Ring', 'Warangal', 'India'),
(47, 'DirectTrade', 'Jitesh T.', '9876543256', '99 City View', 'Tirunelveli', 'India'),
(48, 'PanIndia Traders', 'Lalitha D.', '9876543257', '31 Marine Lane', 'Mangalore', 'India'),
(49, 'Coastal Supply Co.', 'Ashok R.', '9876543258', '77 Port Street', 'Goa', 'India'),
(50, 'RiverMart', 'Karthika', '9876543259', '54 Dock Road', 'Kochi', 'India'),
(51, 'EverTrade', 'Suresh P.', '9876543260', '18 Valley Rd', 'Kota', 'India'),
(52, 'GreenLane Goods', 'Shanthi S.', '9876543261', '20 Hillside', 'Shillong', 'India'),
(53, 'UnityMart', 'Vikas Kumar', '9876543262', '44 Sunrise City', 'Ajmer', 'India'),
(54, 'AllMart Suppliers', 'Deepa M.', '9876543263', '88 River Road', 'Jhansi', 'India'),
(55, 'SourceHub', 'Nisha Rao', '9876543264', '29 Heritage St', 'Dhanbad', 'India'),
(56, 'TradeLink', 'Harish A.', '9876543265', '76 Orbit Lane', 'Jabalpur', 'India'),
(57, 'WholesaleCart', 'Revathi P.', '9876543266', '9 Express Ave', 'Bareilly', 'India'),
(58, 'BuyRight Suppliers', 'Ganesh R.', '9876543267', '33 Silver Hills', 'Moradabad', 'India'),
(59, 'SmartTraders', 'Kalpana N.', '9876543268', '11 Crystal Ave', 'Solapur', 'India'),
(60, 'MaxMart', 'Naveena R.', '9876543269', '46 Future Rd', 'Rourkela', 'India'),
(61, 'RapidTrade', 'Sharath P.', '9876543270', '100 Jubilee Hills', 'Vellore', 'India'),
(62, 'OneStop Distributors', 'Lalith Kumar', '9876543271', '75 Cyber Tower', 'Anantapur', 'India'),
(63, 'Ace Traders', 'Uma I.', '9876543272', '60 Lotus Road', 'Durgapur', 'India'),
(64, 'Allied Suppliers', 'Shankar T.', '9876543273', '43 Coral Street', 'Siliguri', 'India'),
(65, 'Bharat Traders', 'Meenakshi B.', '9876543274', '35 Patriot Blvd', 'Nanded', 'India'),
(66, 'TrustLine', 'Jayesh J.', '9876543275', '14 East Market', 'Haldwani', 'India'),
(67, 'TotalMart', 'Divakar Y.', '9876543276', '81 West Street', 'Bilaspur', 'India'),
(68, 'TradeEase', 'Sheetal K.', '9876543277', '25 Hope Ave', 'Rewa', 'India'),
(69, 'FreshMart Co.', 'Tejas B.', '9876543278', '55 Eastern Park', 'Pali', 'India'),
(70, 'GlobalSupply', 'Ritika A.', '9876543279', '49 Prime Plaza', 'Karimnagar', 'India');

select* from sales;
select* from products;

SELECT p.product_name, SUM(s.quantity_sold) AS total_units_sold
FROM sales s
JOIN products p ON s.product_id = p.product_id
GROUP BY p.product_name
ORDER BY total_units_sold DESC
LIMIT 5;

SELECT product_name, quantity_in_stock
FROM products
WHERE quantity_in_stock < 50;

SELECT p.category, SUM(s.total_amount) AS total_sales
FROM sales s
JOIN products p ON s.product_id = p.product_id
GROUP BY p.category
ORDER BY total_sales DESC;
select* from suppliers;
SELECT s.supplier_name, COUNT(p.product_id) AS product_count
FROM suppliers s
JOIN products p ON s.supplier_id = p.supplier_id
GROUP BY s.supplier_name;
